Workbook
Name códigos: 'Modelos de automóviles'!$A$2:$A$7

Sheet Modelos de automóviles
A1: Código | B1: Modelo | C1: Aire acondic. | D1: ABS | E1: Dirección asistida | F1: Pintura metaliz. | G1: Llantas aleación ligera | H1: Precio base
A2: A | B2: Mercedes A | C2: 225000 | D2: 150000 | E2: 130000 | F2: 35000 | G2: 20000 | H2: 4500000
A3: B | B3: Ford A | C3: 125000 | D3: 125000 | E3: 100000 | F3: 45000 | G3: 20000 | H3: 3000000
A4: C | B4: Mercedes B | C4: 175000 | D4: 200000 | E4: 150000 | F4: 40000 | G4: 10000 | H4: 4000000
A5: D | B5: Renault A | C5: 300000 | D5: 170000 | E5: 150000 | F5: 25000 | G5: 10000 | H5: 3750000
A6: E | B6: Ford B | C6: 250000 | D6: 250000 | E6: 75000 | F6: 15000 | G6: 15000 | H6: 2200000
A7: F | B7: Renault B | C7: 260000 | D7: 150000 | E7: 150000 | F7: 50000 | G7: 24000 | H7: 2500000

Sheet Tabla dinamica
A3: Etiquetas de fila | B3: Suma de Suma al precio (AC) | C3: Suma de Suma al precio (ABS) | D3: Suma de Suma al precio (DA) | E3: Suma de Suma al precio (PM) | F3: Cuenta de Suma al precio (LAL)
A4: A | B4: 450000 | C4: 150000 | D4: 260000 | E4: 0 | F4: 2
A5: 40951 | B5: 225000 | C5: 0 | D5: 130000 | E5: 0 | F5: 1
A6: 40953 | B6: 225000 | C6: 150000 | D6: 130000 | E6: 0 | F6: 1
A7: C | B7: 175000 | C7: 200000 | D7: 150000 | E7: 0 | F7: 1
A8: 40952 | B8: 175000 | C8: 200000 | D8: 150000 | E8: 0 | F8: 1
A9: Cuenta 12/02/2012 | B9: 1 | C9: 1 | D9: 1 | E9: 1 | F9: 1
A10: Cuenta 13/02/2012 | B10: 1 | C10: 1 | D10: 1 | E10: 1 | F10: 1
A11: Cuenta 14/02/2012 | B11: 1 | C11: 1 | D11: 1 | E11: 1 | F11: 1
A12: Total general | B12: 625000 | C12: 350000 | D12: 410000 | E12: 0 | F12: 3

Sheet Ventas 2021
A1: VENTAS 2021 | O1: SI
O2: NO
A3: Fecha de la venta | B3: Código | C3: Precio base | D3: Aire acondic. | E3: Suma al precio (AC) | F3: ABS | G3: Suma al precio (ABS) | H3: Dirección asistida | I3: Suma al precio (DA) | J3: Pintura metaliz. | K3: Suma al precio (PM) | L3: Llantas aleación ligera | M3: Suma al precio (LAL) | N3: Precio total
A4: 40951 | B4: A | C4: =VLOOKUP(B4,'Modelos de automóviles'!$A$2:$H$7,8,0) -> 4500000 | D4: SI | E4: =IF(D4="SI",VLOOKUP(B4,'Modelos de automóviles'!$A$2:$H$7,3,0),"0") -> 225000 | F4: NO | G4: =IF(F4="SI",VLOOKUP(B4,'Modelos de automóviles'!$A$2:$H$7,4,0),"0") -> 0 | H4: NO | I4: =IF(H4="SI",VLOOKUP(B4,'Modelos de automóviles'!$A$2:$H$7,5,0),"0") -> 0 | J4: SI | K4: =IF(J4="SI",VLOOKUP(B4,'Modelos de automóviles'!$A$2:$H$7,6,0),"0") -> 35000 | L4: SI | M4: =IF(L4="SI",VLOOKUP(B4,'Modelos de automóviles'!$A$2:$H$7,7,0),"0") -> 20000 | N4: =C4+E4+G4+I4+K4+M4 -> 4780000
A5: 40952 | B5: C | C5: =VLOOKUP(B5,'Modelos de automóviles'!$A$2:$H$7,8,0) -> 4000000 | D5: SI | E5: =IF(D5="SI",VLOOKUP(B5,'Modelos de automóviles'!$A$2:$H$7,3,0),"0") -> 175000 | F5: SI | G5: =IF(F5="SI",VLOOKUP(B5,'Modelos de automóviles'!$A$2:$H$7,4,0),"0") -> 200000 | H5: SI | I5: =IF(H5="SI",VLOOKUP(B5,'Modelos de automóviles'!$A$2:$H$7,5,0),"0") -> 150000 | J5: NO | K5: =IF(J5="SI",VLOOKUP(B5,'Modelos de automóviles'!$A$2:$H$7,6,0),"0") -> 0 | L5: SI | M5: =IF(L5="SI",VLOOKUP(B5,'Modelos de automóviles'!$A$2:$H$7,7,0),"0") -> 10000 | N5: =C5+E5+G5+I5+K5+M5 -> 4535000
A6: 40953 | B6: A | C6: =VLOOKUP(B6,'Modelos de automóviles'!$A$2:$H$7,8,0) -> 4500000 | D6: NO | E6: =IF(D6="SI",VLOOKUP(B6,'Modelos de automóviles'!$A$2:$H$7,3,0),"0") -> 0 | F6: SI | G6: =IF(F6="SI",VLOOKUP(B6,'Modelos de automóviles'!$A$2:$H$7,4,0),"0") -> 150000 | H6: SI | I6: =IF(H6="SI",VLOOKUP(B6,'Modelos de automóviles'!$A$2:$H$7,5,0),"0") -> 130000 | J6: SI | K6: =IF(J6="SI",VLOOKUP(B6,'Modelos de automóviles'!$A$2:$H$7,6,0),"0") -> 35000 | L6: NO | M6: =IF(L6="SI",VLOOKUP(B6,'Modelos de automóviles'!$A$2:$H$7,7,0),"0") -> 0 | N6: =C6+E6+G6+I6+K6+M6 -> 4815000
