Workbook

Sheet Hoja1
A2: alumnos | B2: AO | C2: SOM | D2: INGLES
A3: pepe | B3: 5 | C3: 5 | D3: 7
A4: ana | B4: 4 | C4: 9 | D4: 4
A5: juan | B5: 6 | C5: 5 | D5: 2
A6: carlos | B6: 9 | C6: 6 | D6: 3
A7: antonia | B7: 6 | C7: 10 | D7: 5
B8: =AVERAGE(B3:B7) -> 6 | C8: =AVERAGE(C3:C7) -> 7 | D8: =AVERAGE(D3:D7) -> 4.2

Sheet Hoja2
C3: notas solo AO | D3: ingles
B4: =Hoja1!A3 -> pepe | C4: =Hoja1!B3 -> 5 | D4: =Hoja1!C3 -> 5
B5: =Hoja1!A4 -> ana | C5: =Hoja1!B4 -> 4 | D5: =Hoja1!C4 -> 9
B6: =Hoja1!A5 -> juan | C6: =Hoja1!B5 -> 6 | D6: =Hoja1!C5 -> 5
B7: =Hoja1!A6 -> carlos | C7: =Hoja1!B6 -> 9 | D7: =Hoja1!C6 -> 6
B8: =Hoja1!A7 -> antonia | C8: =Hoja1!B7 -> 6 | D8: =Hoja1!C7 -> 10

Sheet Hoja3
C1: ejercicios | D1: trabajo en clase | E1: examen
B2: pepe | C2: 7 | D2: 6 | E2: 8 | F2: =(C2*G$3)+(D2*$H$3)+(E2*$I$3) -> 7.35
B3: raul | C3: 4 | D3: 6 | E3: 5 | F3: =(C3*G$3)+(D3*$H$3)+(E3*$I$3) -> 5.1 | G3: 0.15 | H3: 0.25 | I3: 0.6
B4: gonzalo | C4: 9 | D4: 5 | E4: 4 | F4: =(C4*G$3)+(D4*$H$3)+(E4*$I$3) -> 5
B5: eva | C5: 5 | D5: 3 | E5: 2 | F5: =(C5*G$3)+(D5*$H$3)+(E5*$I$3) -> 2.7
B6: ana | C6: 9 | D6: 4 | E6: 5 | F6: =(C6*G$3)+(D6*$H$3)+(E6*$I$3) -> 5.35
B7: antonio | C7: 10 | D7: 6 | E7: 7 | F7: =(C7*G$3)+(D7*$H$3)+(E7*$I$3) -> 7.2
