Workbook

Sheet Ejercicio 4-notas
B25: NOTA | C25: CALIFICACION
B26: 1 | C26: Muy deficiente
B27: 2 | C27: Muy deficiente
B28: 3 | C28: Insuficiente
B29: 4 | C29: Insuficiente
B30: 5 | C30: Suficiente
B31: 6 | C31: Bueno
B32: 7 | C32: Notable
B33: 8 | C33: Notable
B34: 9 | C34: Sobresaliente
B35: 10 | C35: Sobresaliente

Sheet Ejercicio 4
C2: Sistemas Microinformaticos y Redes Curso 2021/2022
D6: 223 | F6: 222 | H6: 221 | J6: 225 | L6: 229 | N6: A038
D7: Aplicaciones ofimaticas | F7: Sistemas Operatvos Monopuesto | H7: Montaje Y Mantenimiento de equipos | J7: Redes Locales | L7: Formacion y Orientacion Laboral | N7: Ingles
D8: Nota | E8: Calificacion | F8: Nota | G8: Calificacion | H8: Nota | I8: Calificacion | J8: Nota | K8: Calificacion | L8: Nota | M8: Calificacion | N8: Nota | O8: Calificacion
B9: A001 | C9: Antonio Melero Rubio | D9: 2 | E9: =VLOOKUP(D9,'Ejercicio 4-notas'!$B$26:$C$35,2,FALSE) -> Muy deficiente | F9: 6 | G9: =VLOOKUP(F9,'Ejercicio 4-notas'!$B$26:$C$35,2,FALSE) -> Bueno | H9: 5 | I9: =VLOOKUP(H9,'Ejercicio 4-notas'!$B$26:$C$35,2) -> Suficiente | J9: 3 | K9: =VLOOKUP(J9,'Ejercicio 4-notas'!$B$26:$C$35,2,FALSE) -> Insuficiente | L9: 3 | M9: =VLOOKUP(L9,'Ejercicio 4-notas'!$B$26:$C$35,2,FALSE) -> Insuficiente | N9: 5 | O9: =VLOOKUP(N9,'Ejercicio 4-notas'!$B$26:$C$35,2,FALSE) -> Suficiente | P9: =(D9+F9+H9+J9+L9+N9)/6 -> 4
B10: A002 | C10: Sara Vicente Tejedor | D10: 8 | E10: =VLOOKUP(D10,'Ejercicio 4-notas'!$B$26:$C$35,2,FALSE) -> Notable | F10: 9 | G10: =VLOOKUP(F10,'Ejercicio 4-notas'!$B$26:$C$35,2,FALSE) -> Sobresaliente | H10: 5 | I10: =VLOOKUP(H10,'Ejercicio 4-notas'!$B$26:$C$35,2) -> Suficiente | J10: 4 | K10: =VLOOKUP(J10,'Ejercicio 4-notas'!$B$26:$C$35,2,FALSE) -> Insuficiente | L10: 7 | M10: =VLOOKUP(L10,'Ejercicio 4-notas'!$B$26:$C$35,2,FALSE) -> Notable | N10: 6 | O10: =VLOOKUP(N10,'Ejercicio 4-notas'!$B$26:$C$35,2,FALSE) -> Bueno | P10: =(D10+F10+H10+J10+L10+N10)/6 -> 6.5
B11: A003 | C11: Vicente Bruno Perez | D11: 3 | E11: =VLOOKUP(D11,'Ejercicio 4-notas'!$B$26:$C$35,2,FALSE) -> Insuficiente | F11: 9 | G11: =VLOOKUP(F11,'Ejercicio 4-notas'!$B$26:$C$35,2,FALSE) -> Sobresaliente | H11: 6 | I11: =VLOOKUP(H11,'Ejercicio 4-notas'!$B$26:$C$35,2) -> Bueno | J11: 8 | K11: =VLOOKUP(J11,'Ejercicio 4-notas'!$B$26:$C$35,2,FALSE) -> Notable | L11: 6 | M11: =VLOOKUP(L11,'Ejercicio 4-notas'!$B$26:$C$35,2,FALSE) -> Bueno | N11: 8 | O11: =VLOOKUP(N11,'Ejercicio 4-notas'!$B$26:$C$35,2,FALSE) -> Notable | P11: =(D11+F11+H11+J11+L11+N11)/6 -> 6.6666667
B12: A004 | C12: Erique Gonzalez Tomas | D12: 6 | E12: =VLOOKUP(D12,'Ejercicio 4-notas'!$B$26:$C$35,2,FALSE) -> Bueno | F12: 10 | G12: =VLOOKUP(F12,'Ejercicio 4-notas'!$B$26:$C$35,2,FALSE) -> Sobresaliente | H12: 7 | I12: =VLOOKUP(H12,'Ejercicio 4-notas'!$B$26:$C$35,2) -> Notable | J12: 7 | K12: =VLOOKUP(J12,'Ejercicio 4-notas'!$B$26:$C$35,2,FALSE) -> Notable | L12: 4 | M12: =VLOOKUP(L12,'Ejercicio 4-notas'!$B$26:$C$35,2,FALSE) -> Insuficiente | N12: 4 | O12: =VLOOKUP(N12,'Ejercicio 4-notas'!$B$26:$C$35,2,FALSE) -> Insuficiente | P12: =(D12+F12+H12+J12+L12+N12)/6 -> 6.3333333
B13: A005 | C13: Mario Alonso Fernandez | D13: 7 | E13: =VLOOKUP(D13,'Ejercicio 4-notas'!$B$26:$C$35,2,FALSE) -> Notable | F13: 8 | G13: =VLOOKUP(F13,'Ejercicio 4-notas'!$B$26:$C$35,2,FALSE) -> Notable | H13: 8 | I13: =VLOOKUP(H13,'Ejercicio 4-notas'!$B$26:$C$35,2) -> Notable | J13: 6 | K13: =VLOOKUP(J13,'Ejercicio 4-notas'!$B$26:$C$35,2,FALSE) -> Bueno | L13: 2 | M13: =VLOOKUP(L13,'Ejercicio 4-notas'!$B$26:$C$35,2,FALSE) -> Muy deficiente | N13: 7 | O13: =VLOOKUP(N13,'Ejercicio 4-notas'!$B$26:$C$35,2,FALSE) -> Notable | P13: =(D13+F13+H13+J13+L13+N13)/6 -> 6.3333333
B14: A006 | C14: Fernando Ruiz Calatraba | D14: 8 | E14: =VLOOKUP(D14,'Ejercicio 4-notas'!$B$26:$C$35,2,FALSE) -> Notable | F14: 4 | G14: =VLOOKUP(F14,'Ejercicio 4-notas'!$B$26:$C$35,2,FALSE) -> Insuficiente | H14: 2 | I14: =VLOOKUP(H14,'Ejercicio 4-notas'!$B$26:$C$35,2) -> Muy deficiente | J14: 5 | K14: =VLOOKUP(J14,'Ejercicio 4-notas'!$B$26:$C$35,2,FALSE) -> Suficiente | L14: 5 | M14: =VLOOKUP(L14,'Ejercicio 4-notas'!$B$26:$C$35,2,FALSE) -> Suficiente | N14: 5 | O14: =VLOOKUP(N14,'Ejercicio 4-notas'!$B$26:$C$35,2,FALSE) -> Suficiente | P14: =(D14+F14+H14+J14+L14+N14)/6 -> 4.8333333
B15: A007 | C15: Ester Teruel Martin | D15: 9 | E15: =VLOOKUP(D15,'Ejercicio 4-notas'!$B$26:$C$35,2,FALSE) -> Sobresaliente | F15: 6 | G15: =VLOOKUP(F15,'Ejercicio 4-notas'!$B$26:$C$35,2,FALSE) -> Bueno | H15: 7 | I15: =VLOOKUP(H15,'Ejercicio 4-notas'!$B$26:$C$35,2) -> Notable | J15: 2 | K15: =VLOOKUP(J15,'Ejercicio 4-notas'!$B$26:$C$35,2,FALSE) -> Muy deficiente | L15: 7 | M15: =VLOOKUP(L15,'Ejercicio 4-notas'!$B$26:$C$35,2,FALSE) -> Notable | N15: 7 | O15: =VLOOKUP(N15,'Ejercicio 4-notas'!$B$26:$C$35,2,FALSE) -> Notable | P15: =(D15+F15+H15+J15+L15+N15)/6 -> 6.3333333
B16: A008 | C16: Ana Victoria Ruiz Escobar | D16: 4 | E16: =VLOOKUP(D16,'Ejercicio 4-notas'!$B$26:$C$35,2,FALSE) -> Insuficiente | F16: 5 | G16: =VLOOKUP(F16,'Ejercicio 4-notas'!$B$26:$C$35,2,FALSE) -> Suficiente | H16: 3 | I16: =VLOOKUP(H16,'Ejercicio 4-notas'!$B$26:$C$35,2) -> Insuficiente | J16: 7 | K16: =VLOOKUP(J16,'Ejercicio 4-notas'!$B$26:$C$35,2,FALSE) -> Notable | L16: 9 | M16: =VLOOKUP(L16,'Ejercicio 4-notas'!$B$26:$C$35,2,FALSE) -> Sobresaliente | N16: 6 | O16: =VLOOKUP(N16,'Ejercicio 4-notas'!$B$26:$C$35,2,FALSE) -> Bueno | P16: =(D16+F16+H16+J16+L16+N16)/6 -> 5.6666667
B17: A009 | C17: Guillermo Torres Andres | D17: 6 | E17: =VLOOKUP(D17,'Ejercicio 4-notas'!$B$26:$C$35,2,FALSE) -> Bueno | F17: 1 | G17: =VLOOKUP(F17,'Ejercicio 4-notas'!$B$26:$C$35,2,FALSE) -> Muy deficiente | H17: 5 | I17: =VLOOKUP(H17,'Ejercicio 4-notas'!$B$26:$C$35,2) -> Suficiente | J17: 4 | K17: =VLOOKUP(J17,'Ejercicio 4-notas'!$B$26:$C$35,2,FALSE) -> Insuficiente | L17: 4 | M17: =VLOOKUP(L17,'Ejercicio 4-notas'!$B$26:$C$35,2,FALSE) -> Insuficiente | N17: 5 | O17: =VLOOKUP(N17,'Ejercicio 4-notas'!B29:C38,2,FALSE) -> Suficiente | P17: =(D17+F17+H17+J17+L17+N17)/6 -> 4.1666667
D18: =(D9+D10+D11+D12+D13+D14+D15+D16+D17)/9 -> 5.8888889 | F18: =(F9+F10+F11+F12+F13+F14+F15+F16+F17)/9 -> 6.4444444 | H18: =(H9+H10+H11+H12+H13+H14+H15+H16+H17)/9 -> 5.3333333 | J18: =(J9+J10+J11+J12+J13+J14+J15+J16+J17)/9 -> 5.1111111 | L18: =(L9+L10+L11+L12+L13+L14+L15+L16+L17)/9 -> 5.2222222 | N18: =(N9+N10+N11+N12+N13+N14+N15+N16+N17)/9 -> 5.8888889

Sheet Ejercicio 4-busqueda de alumnos
D2: Sistemas Microinformaticos y Redes Curso 2021/2022
D7: Busqueda de calificaciones de un alumno
C10: Introduce el codigo del alumno al buscar | D10: Aplicaciones ofimaticas | F10: Sistemas Operatvos Monopuesto | H10: Montaje Y Mantenimiento de equipos | J10: Redes Locales | L10: Formacion y Orientacion Laboral | N10: Ingles
D11: Nota | E11: Calificacion | F11: Nota | G11: Calificacion | H11: Nota | I11: Calificacion | J11: Nota | K11: Calificacion | L11: Nota | M11: Calificacion | N11: Nota | O11: Calificacion
C12: A005 | D12: =VLOOKUP(C12,'Ejercicio 4'!B9:P17,3,FALSE) -> 7 | E12: =VLOOKUP(C12,'Ejercicio 4'!B9:P17,4) -> Notable | F12: =VLOOKUP(C12,'Ejercicio 4'!B9:P17,5) -> 8 | G12: =VLOOKUP(C12,'Ejercicio 4'!B9:P17,6) -> Notable | H12: =VLOOKUP(C12,'Ejercicio 4'!B9:P17,7) -> 8 | I12: =VLOOKUP(C12,'Ejercicio 4'!B9:P17,8) -> Notable | J12: =VLOOKUP(C12,'Ejercicio 4'!B9:P17,9) -> 6 | K12: =VLOOKUP(C12,'Ejercicio 4'!B9:P17,10) -> Bueno | L12: =VLOOKUP(C12,'Ejercicio 4'!B9:P17,11) -> 2 | M12: =VLOOKUP(C12,'Ejercicio 4'!B9:P17,12) -> Muy deficiente | N12: =VLOOKUP(C12,'Ejercicio 4'!B9:P17,13) -> 7 | O12: =VLOOKUP(C12,'Ejercicio 4'!B9:P17,14) -> Notable
E14: El alumno | F14: =VLOOKUP(C12,'Ejercicio 4'!B9:P17,2) -> Mario Alonso Fernandez | G14: ha obtenido una media de | I14: =VLOOKUP(C12,'Ejercicio 4'!B9:P17,15) -> 6.3333333 | J14: En el curso 2021/22

Sheet Ejercicio 4-Busqueda de modulo 
C2: Sistemas Microinformaticos y Redes
C4: Curso 2021/2022
C7: Busqueda de calificaciones de un modulo
C10: Introduce el codigo del modulo a buscar | F10: A038
E12: Nota | F12: Calificacion
C13: A001 | D13: Antonio Melero Rubio | E13: =HLOOKUP($F$10,'Ejercicio 4'!$D$6:$O$17,S18,FALSE) -> 5 | F13: =VLOOKUP(E13,'Ejercicio 4-notas'!$B$26:$C$35,2,FALSE) -> Suficiente
C14: A002 | D14: Sara Vicente Tejedor | E14: =HLOOKUP($F$10,'Ejercicio 4'!$D$6:$O$17,S19,FALSE) -> 6 | F14: =VLOOKUP(E14,'Ejercicio 4-notas'!$B$26:$C$35,2,FALSE) -> Bueno
C15: A003 | D15: Vicente Bruno Perez | E15: =HLOOKUP($F$10,'Ejercicio 4'!$D$6:$O$17,S20,FALSE) -> 8 | F15: =VLOOKUP(E15,'Ejercicio 4-notas'!$B$26:$C$35,2,FALSE) -> Notable | S15: 1
C16: A004 | D16: Erique Gonzalez Tomas | E16: =HLOOKUP($F$10,'Ejercicio 4'!$D$6:$O$17,S21,FALSE) -> 4 | F16: =VLOOKUP(E16,'Ejercicio 4-notas'!$B$26:$C$35,2,FALSE) -> Insuficiente | S16: 2
C17: A005 | D17: Mario Alonso Fernandez | E17: =HLOOKUP($F$10,'Ejercicio 4'!$D$6:$O$17,S22,FALSE) -> 7 | F17: =VLOOKUP(E17,'Ejercicio 4-notas'!$B$26:$C$35,2,FALSE) -> Notable | S17: 3
C18: A006 | D18: Fernando Ruiz Calatraba | E18: =HLOOKUP($F$10,'Ejercicio 4'!$D$6:$O$17,S23,FALSE) -> 5 | F18: =VLOOKUP(E18,'Ejercicio 4-notas'!$B$26:$C$35,2,FALSE) -> Suficiente | S18: 4
C19: A007 | D19: Ester Teruel Martin | E19: =HLOOKUP($F$10,'Ejercicio 4'!$D$6:$O$17,S24,FALSE) -> 7 | F19: =VLOOKUP(E19,'Ejercicio 4-notas'!$B$26:$C$35,2,FALSE) -> Notable | S19: 5
C20: A008 | D20: Ana Victoria Ruiz Escobar | E20: =HLOOKUP($F$10,'Ejercicio 4'!$D$6:$O$17,S25,FALSE) -> 6 | F20: =VLOOKUP(E20,'Ejercicio 4-notas'!$B$26:$C$35,2,FALSE) -> Bueno | S20: 6
C21: A009 | D21: Guillermo Torres Andres | E21: =HLOOKUP($F$10,'Ejercicio 4'!$D$6:$O$17,S26,FALSE) -> 5 | F21: =VLOOKUP(E21,'Ejercicio 4-notas'!$B$26:$C$35,2,FALSE) -> Suficiente | S21: 7
S22: 8
D23: La nota Media del modulo | E23: =HLOOKUP(F10,'Ejercicio 4'!D6:O7,2,FALSE) -> Ingles | F23: es de un | G23: =HLOOKUP(F10,'Ejercicio 4'!D6:O19,13,FALSE) -> 5.8888889 | H23: En el curso 2021/2022 | S23: 9
S24: 10
S25: 11
S26: 12
S27: 13
S28: 14
S29: 15
S30: 16
S31: 17
S32: 18
S33: 19
S34: 20
S35: 21
... S49: 35
