Workbook

Sheet Presentacion
B2: INFORMACION HOTELERA
B11: TERUEL
B17: ENERO 2020

Sheet Hoteles
D2: INDIVIDUAL | G2: DOBLE
A3: HOTELES | B3: CATEGORIAS (num.estrellas) | C3: CLASIFICACION | D3: PRECIO | E3: IVA | F3: TOTAL | G3: PRECIO | H3: IVA | I3: TOTAL
A4: Torico Plaza | B4: 2 | C4: =IF(B4 = 2,"Economico ",IF(B4 = 3,"Calidad",IF(B4 =4,"Excepcional"))) -> Economico | D4: 45.9 | E4: =(D4*$G$16) -> 9.639 | F4: =(D4+E4) -> 55.539 | G4: 60.9 | H4: =(G4*$G$16) -> 12.789 | I4: =G4+H4 -> 73.689
A5: Reina Cristina | B5: 3 | C5: =IF(B5 = 2,"Economico ",IF(B5 = 3,"Calidad",IF(B5 =4,"Excepcional"))) -> Calidad | D5: 50.95 | E5: =(D5*$G$16) -> 10.6995 | F5: =(D5+E5) -> 61.6495 | G5: 69.9 | H5: =(G5*$G$16) -> 14.679 | I5: =G5+H5 -> 84.579
A6: El Mudayan | B6: 4 | C6: =IF(B6 = 2,"Economico ",IF(B6 = 3,"Calidad",IF(B6 =4,"Excepcional"))) -> Excepcional | D6: 35.9 | E6: =(D6*$G$16) -> 7.539 | F6: =(D6+E6) -> 43.439 | G6: 57.75 | H6: =(G6*$G$16) -> 12.1275 | I6: =G6+H6 -> 69.8775
A7: Civera | B7: 2 | C7: =IF(B7 = 2,"Economico ",IF(B7 = 3,"Calidad",IF(B7 =4,"Excepcional"))) -> Economico | D7: 29.9 | E7: =(D7*$G$16) -> 6.279 | F7: =(D7+E7) -> 36.179 | G7: 45.5 | H7: =(G7*$G$16) -> 9.555 | I7: =G7+H7 -> 55.055
A8: Parador | B8: 3 | C8: =IF(B8 = 2,"Economico ",IF(B8 = 3,"Calidad",IF(B8 =4,"Excepcional"))) -> Calidad | D8: 59.9 | E8: =(D8*$G$16) -> 12.579 | F8: =(D8+E8) -> 72.479 | G8: 70.9 | H8: =(G8*$G$16) -> 14.889 | I8: =G8+H8 -> 85.789
A11: El hotel mas caro tiene un precio de | D11: =MAX(F4:F8) -> 72.479 | E11: en habitacion individual | G11: =MAX(I4:I8) -> 85.789 | H11: en habitacion doble
A13: El hotel mas barato tiene un precio de | D13: =MIN(F4:F8) -> 36.179 | E13: en habitacion individual | G13: =MIN(I4:I8) -> 55.055 | H13: en habitacion doble
A16: El IVA a dia de hoy es | C16: =TODAY() -> 44596 | F16: es del | G16: 0.21
B18: SE MARCA EN VERDE LOS HOTELES IGUALES A DOS ESTRELLAS SE MARCA EN NARANJA LOS HOTELES IGUALES A TRES ESTRELLAS SE MARCAN EN AZUL LOS HOTELES SUPERIORES O IGUALES A CUATRO ESTRELLAS

Sheet Busquedas
A1: ¿BUSCAS UN HOTEL?
A4: Introduce el nombre del hotel | C4: Civera
C8: INDIVIDUAL | F8: DOBLE
A9: CATEGORIAS (num.estrellas) | B9: CLASIFICACION | C9: PRECIO | D9: IVA | E9: TOTAL | F9: PRECIO | G9: IVA | H9: TOTAL
A10: =VLOOKUP(C4,Hoteles!A4:B8,2,FALSE) -> 2 | B10: =VLOOKUP(C4,Hoteles!A4:C8,3,FALSE) -> Economico | C10: =VLOOKUP(C4,Hoteles!A4:D8,4,FALSE) -> 29.9 | D10: =VLOOKUP(C4,Hoteles!A4:E8,5,FALSE) -> 6.279 | E10: =VLOOKUP(C4,Hoteles!A4:F8,6,FALSE) -> 36.179 | F10: =VLOOKUP(C4,Hoteles!A4:G8,7,FALSE) -> 45.5 | G10: =VLOOKUP(C4,Hoteles!A4:H8,8,FALSE) -> 9.555 | H10: =VLOOKUP(C4,Hoteles!A4:I8,9,FALSE) -> 55.055
A12: Ten en cuenta que el IVA es de un | H12: 0.21

Sheet Presupuesto
A1: ¿BUSCAS UN HOTEL?
A4: Introduce el nombre del hotel | C4: reina cristina
C8: INDIVIDUAL | F8: DOBLE
A9: CATEGORIAS (num.estrellas) | B9: CLASIFICACION | C9: PRECIO | D9: IVA | E9: TOTAL | F9: PRECIO | G9: IVA | H9: TOTAL
A10: =VLOOKUP(C4,Hoteles!A4:B8,2,FALSE) -> 3 | B10: =VLOOKUP(C4,Hoteles!A4:C8,3,FALSE) -> Calidad | C10: =VLOOKUP(C4,Hoteles!A4:D8,4,FALSE) -> 50.95 | D10: =VLOOKUP(C4,Hoteles!A4:E8,5,FALSE) -> 10.6995 | E10: =VLOOKUP(C4,Hoteles!A4:F8,6,FALSE) -> 61.6495 | F10: =VLOOKUP(C4,Hoteles!A4:G8,7,FALSE) -> 69.9 | G10: =VLOOKUP(C4,Hoteles!A4:H8,8,FALSE) -> 14.679 | H10: =VLOOKUP(C4,Hoteles!A4:I8,9,FALSE) -> 84.579
A12: Ten en cuenta que el IVA es de un | H12: 0.21
A14: 2º REALIZA UN PRESUPUESTO
A18: Nº de habitaciones individuales | B18: 6 | C18: =B18*E10 -> 369.897
A19: Nº de habitaciones dobles | B19: 2 | C19: =B19*H10 -> 169.158
C20: =C18+C19 -> 539.055
