Workbook

Sheet Presentación
A1: Clínica de nutrición
A6: Valores y resultados de los índices de masa corporal | C6: ir pagina
A7: Estudio nutricional de clientes | C7: ir pagina
A8: Evolución de los pacientes | C8: ir pagina

Sheet Letra NIF
A1: 0 | B1: T
A2: 1 | B2: R
A3: 2 | B3: W
A4: 3 | B4: A
A5: 4 | B5: G
A6: 5 | B6: M
A7: 6 | B7: Y
A8: 7 | B8: F
A9: 8 | B9: P
A10: 9 | B10: D
A11: 10 | B11: X
A12: 11 | B12: B
... A23: 22 | B23: E

Sheet Valores índ. masa corporal
A1: ENTRE | C1: RESULTADO
A2: menor que | B2: 20 | C2: bajo peso
A3: 20 | B3: 25 | C3: peso normal
A4: 25 | B4: 27 | C4: sobrepeso
A5: mayor que | B5: 27 | C5: sobrepeso crónico

Sheet Estudio nutricional
A2: IDENTIFICACIÓN | D2: ESTUDIO | H2: CONCLUSIÓN
A3: DNI | B3: LETRA | C3: Sexo | D3: Altura | E3: Peso | F3: Índice de masa corporal | G3: Resultado | H3: ¿Debe seguir control específico de peso?
A4: 11111111 | B4: =VLOOKUP(I4,'Letra NIF'!$A$1:$B$23,2,0) -> H | C4: H | D4: 1.6 | E4: 59 | F4: =E4/D4^2 -> 23.046875 | G4: =IF(F4<20,"BAJO PESO",IF(F4<25,"peso normal",IF(F4<27,"SOBREPESO",IF(F4>27,"SOBREPESO CRONICO")))) -> peso normal | H4: =IF(G4="peso normal","NO",IF(G4="SOBREPESO","SI",IF(G4="SOBREPESO CRONICO","SI",IF(G4="BAJO PESO","SI")))) -> NO | I4: =MOD(A4,23) -> 18
A5: 22222222 | B5: =VLOOKUP(I5,'Letra NIF'!$A$1:$B$23,2,0) -> J | C5: H | D5: 1.75 | E5: 80 | F5: =E5/D5^2 -> 26.122449 | G5: =IF(F5<20,"BAJO PESO",IF(F5<25,"peso normal",IF(F5<27,"SOBREPESO",IF(F5>27,"SOBREPESO CRONICO")))) -> SOBREPESO | H5: =IF(G5="peso normal","NO",IF(G5="SOBREPESO","SI",IF(G5="SOBREPESO CRONICO","SI",IF(G5="BAJO PESO","SI")))) -> SI | I5: =MOD(A5,23) -> 13
A6: 33333333 | B6: =VLOOKUP(I6,'Letra NIF'!$A$1:$B$23,2,0) -> P | C6: M | D6: 1.49 | E6: 69 | F6: =E6/D6^2 -> 31.079681 | G6: =IF(F6<20,"BAJO PESO",IF(F6<25,"peso normal",IF(F6<27,"SOBREPESO",IF(F6>27,"SOBREPESO CRONICO")))) -> SOBREPESO CRONICO | H6: =IF(G6="peso normal","NO",IF(G6="SOBREPESO","SI",IF(G6="SOBREPESO CRONICO","SI",IF(G6="BAJO PESO","SI")))) -> SI | I6: =MOD(A6,23) -> 8
A7: 44444444 | B7: =VLOOKUP(I7,'Letra NIF'!$A$1:$B$23,2,0) -> A | C7: M | D7: 1.73 | E7: 68 | F7: =E7/D7^2 -> 22.720438 | G7: =IF(F7<20,"BAJO PESO",IF(F7<25,"peso normal",IF(F7<27,"SOBREPESO",IF(F7>27,"SOBREPESO CRONICO")))) -> peso normal | H7: =IF(G7="peso normal","NO",IF(G7="SOBREPESO","SI",IF(G7="SOBREPESO CRONICO","SI",IF(G7="BAJO PESO","SI")))) -> NO | I7: =MOD(A7,23) -> 3
A8: 55555555 | B8: =VLOOKUP(I8,'Letra NIF'!$A$1:$B$23,2,0) -> K | C8: H | D8: 1.9 | E8: 89 | F8: =E8/D8^2 -> 24.65374 | G8: =IF(F8<20,"BAJO PESO",IF(F8<25,"peso normal",IF(F8<27,"SOBREPESO",IF(F8>27,"SOBREPESO CRONICO")))) -> peso normal | H8: =IF(G8="peso normal","NO",IF(G8="SOBREPESO","SI",IF(G8="SOBREPESO CRONICO","SI",IF(G8="BAJO PESO","SI")))) -> NO | I8: =MOD(A8,23) -> 21
A9: 66666666 | B9: =VLOOKUP(I9,'Letra NIF'!$A$1:$B$23,2,0) -> Q | C9: H | D9: 2.05 | E9: 79 | F9: =E9/D9^2 -> 18.798334 | G9: =IF(F9<20,"BAJO PESO",IF(F9<25,"peso normal",IF(F9<27,"SOBREPESO",IF(F9>27,"SOBREPESO CRONICO")))) -> BAJO PESO | H9: =IF(G9="peso normal","NO",IF(G9="SOBREPESO","SI",IF(G9="SOBREPESO CRONICO","SI",IF(G9="BAJO PESO","SI")))) -> SI | I9: =MOD(A9,23) -> 16
A10: 77777777 | B10: =VLOOKUP(I10,'Letra NIF'!$A$1:$B$23,2,0) -> B | C10: M | D10: 1.63 | E10: 57 | F10: =E10/D10^2 -> 21.453574 | G10: =IF(F10<20,"BAJO PESO",IF(F10<25,"peso normal",IF(F10<27,"SOBREPESO",IF(F10>27,"SOBREPESO CRONICO")))) -> peso normal | H10: =IF(G10="peso normal","NO",IF(G10="SOBREPESO","SI",IF(G10="SOBREPESO CRONICO","SI",IF(G10="BAJO PESO","SI")))) -> NO | I10: =MOD(A10,23) -> 11
A11: 88888888 | B11: =VLOOKUP(I11,'Letra NIF'!$A$1:$B$23,2,0) -> Y | C11: H | D11: 1.55 | E11: 46 | F11: =E11/D11^2 -> 19.146722 | G11: =IF(F11<20,"BAJO PESO",IF(F11<25,"peso normal",IF(F11<27,"SOBREPESO",IF(F11>27,"SOBREPESO CRONICO")))) -> BAJO PESO | H11: =IF(G11="peso normal","NO",IF(G11="SOBREPESO","SI",IF(G11="SOBREPESO CRONICO","SI",IF(G11="BAJO PESO","SI")))) -> SI | I11: =MOD(A11,23) -> 6
A12: 99999999 | B12: =VLOOKUP(I12,'Letra NIF'!$A$1:$B$23,2,0) -> R | C12: H | D12: 1.75 | E12: 80 | F12: =E12/D12^2 -> 26.122449 | G12: =IF(F12<20,"BAJO PESO",IF(F12<25,"peso normal",IF(F12<27,"SOBREPESO",IF(F12>27,"SOBREPESO CRONICO")))) -> SOBREPESO | H12: =IF(G12="peso normal","NO",IF(G12="SOBREPESO","SI",IF(G12="SOBREPESO CRONICO","SI",IF(G12="BAJO PESO","SI")))) -> SI | I12: =MOD(A12,23) -> 1
F13: =AVERAGE(F4:F12) -> 23.682696
A15: Total de pacientes | D15: =COUNT(A4:A12) -> 9
A16: Nº mujeres | D16: =COUNTIF(C4:C12,"M") -> 3 | F16: Máximo índice corporal | G16: =MAX(F4:F12) -> 31.079681
A17: Nº hombres | D17: =COUNTIF(C4:C12,"H") -> 6 | F17: Mínimo índice corporal | G17: =MIN(F4:F12) -> 18.798334
A18: Nº de pacientes a controlar | D18: =COUNTIF(H4:H12,"SI") -> 5

Sheet Evolución de los pacientes
A2: IDENTIFICACIÓN | D2: ESTUDIO | H2: ENERO | K2: FEBRERO | N2: CONCLUSIÓN
A3: DNI | B3: LETRA | C3: Sexo | D3: Altura | E3: Peso | F3: Índice de masa corporal inicial | G3: Resultado | H3: peso | I3: índice de masa corporal enero | J3: Resultado | K3: peso | L3: índice de masa corporal febrero | M3: Resultado | N3: ¿Debe continuar el control?
A4: 11111111 | B4: =VLOOKUP(O4,'Letra NIF'!$A$1:$B$23,2,0) -> H | C4: H | D4: 1.6 | E4: 59 | F4: =E4/D4^2 -> 23.046875 | G4: =IF(F4<20,"BAJO PESO",IF(F4<25,"peso normal",IF(F4<27,"SOBREPESO",IF(F4>27,"SOBREPESO CRONICO")))) -> peso normal | H4: 60 | I4: =H4/D4^2 -> 23.4375 | J4: =IF(I4<20,"BAJO PESO",IF(I4<25,"peso normal",IF(I4<27,"SOBREPESO",IF(I4>27,"SOBREPESO CRONICO")))) -> peso normal | K4: 60 | L4: =K4/D4^2 -> 23.4375 | M4: =IF(L4<20,"BAJO PESO",IF(L4<25,"peso normal",IF(L4<27,"SOBREPESO",IF(L4>27,"SOBREPESO CRONICO")))) -> peso normal | N4: =IF(M4="peso normal","NO",IF(M4="SOBREPESO","SI",IF(M4="SOBREPESO CRONICO","SI",IF(M4="BAJO PESO","SI")))) -> NO | O4: =MOD(A4,23) -> 18
A5: 22222222 | B5: =VLOOKUP(O5,'Letra NIF'!$A$1:$B$23,2,0) -> J | C5: H | D5: 1.75 | E5: 80 | F5: =E5/D5^2 -> 26.122449 | G5: =IF(F5<20,"BAJO PESO",IF(F5<25,"peso normal",IF(F5<27,"SOBREPESO",IF(F5>27,"SOBREPESO CRONICO")))) -> SOBREPESO | H5: 78 | I5: =H5/D5^2 -> 25.469388 | J5: =IF(I5<20,"BAJO PESO",IF(I5<25,"peso normal",IF(I5<27,"SOBREPESO",IF(I5>27,"SOBREPESO CRONICO")))) -> SOBREPESO | K5: 77 | L5: =K5/D5^2 -> 25.142857 | M5: =IF(L5<20,"BAJO PESO",IF(L5<25,"peso normal",IF(L5<27,"SOBREPESO",IF(L5>27,"SOBREPESO CRONICO")))) -> SOBREPESO | N5: =IF(M5="peso normal","NO",IF(M5="SOBREPESO","SI",IF(M5="SOBREPESO CRONICO","SI",IF(M5="BAJO PESO","SI")))) -> SI | O5: =MOD(A5,23) -> 13
A6: 33333333 | B6: =VLOOKUP(O6,'Letra NIF'!$A$1:$B$23,2,0) -> P | C6: M | D6: 1.55 | E6: 65 | F6: =E6/D6^2 -> 27.055151 | G6: =IF(F6<20,"BAJO PESO",IF(F6<25,"peso normal",IF(F6<27,"SOBREPESO",IF(F6>27,"SOBREPESO CRONICO")))) -> SOBREPESO CRONICO | H6: 63 | I6: =H6/D6^2 -> 26.222685 | J6: =IF(I6<20,"BAJO PESO",IF(I6<25,"peso normal",IF(I6<27,"SOBREPESO",IF(I6>27,"SOBREPESO CRONICO")))) -> SOBREPESO | K6: 59 | L6: =K6/D6^2 -> 24.557752 | M6: =IF(L6<20,"BAJO PESO",IF(L6<25,"peso normal",IF(L6<27,"SOBREPESO",IF(L6>27,"SOBREPESO CRONICO")))) -> peso normal | N6: =IF(M6="peso normal","NO",IF(M6="SOBREPESO","SI",IF(M6="SOBREPESO CRONICO","SI",IF(M6="BAJO PESO","SI")))) -> NO | O6: =MOD(A6,23) -> 8
A7: 44444444 | B7: =VLOOKUP(O7,'Letra NIF'!$A$1:$B$23,2,0) -> A | C7: M | D7: 1.73 | E7: 68 | F7: =E7/D7^2 -> 22.720438 | G7: =IF(F7<20,"BAJO PESO",IF(F7<25,"peso normal",IF(F7<27,"SOBREPESO",IF(F7>27,"SOBREPESO CRONICO")))) -> peso normal | H7: 65 | I7: =H7/D7^2 -> 21.718066 | J7: =IF(I7<20,"BAJO PESO",IF(I7<25,"peso normal",IF(I7<27,"SOBREPESO",IF(I7>27,"SOBREPESO CRONICO")))) -> peso normal | K7: 65 | L7: =K7/D7^2 -> 21.718066 | M7: =IF(L7<20,"BAJO PESO",IF(L7<25,"peso normal",IF(L7<27,"SOBREPESO",IF(L7>27,"SOBREPESO CRONICO")))) -> peso normal | N7: =IF(M7="peso normal","NO",IF(M7="SOBREPESO","SI",IF(M7="SOBREPESO CRONICO","SI",IF(M7="BAJO PESO","SI")))) -> NO | O7: =MOD(A7,23) -> 3
A8: 55555555 | B8: =VLOOKUP(O8,'Letra NIF'!$A$1:$B$23,2,0) -> K | C8: H | D8: 1.9 | E8: 89 | F8: =E8/D8^2 -> 24.65374 | G8: =IF(F8<20,"BAJO PESO",IF(F8<25,"peso normal",IF(F8<27,"SOBREPESO",IF(F8>27,"SOBREPESO CRONICO")))) -> peso normal | H8: 90 | I8: =H8/D8^2 -> 24.930748 | J8: =IF(I8<20,"BAJO PESO",IF(I8<25,"peso normal",IF(I8<27,"SOBREPESO",IF(I8>27,"SOBREPESO CRONICO")))) -> peso normal | K8: 90 | L8: =K8/D8^2 -> 24.930748 | M8: =IF(L8<20,"BAJO PESO",IF(L8<25,"peso normal",IF(L8<27,"SOBREPESO",IF(L8>27,"SOBREPESO CRONICO")))) -> peso normal | N8: =IF(M8="peso normal","NO",IF(M8="SOBREPESO","SI",IF(M8="SOBREPESO CRONICO","SI",IF(M8="BAJO PESO","SI")))) -> NO | O8: =MOD(A8,23) -> 21
A9: 66666666 | B9: =VLOOKUP(O9,'Letra NIF'!$A$1:$B$23,2,0) -> Q | C9: H | D9: 2.05 | E9: 79 | F9: =E9/D9^2 -> 18.798334 | G9: =IF(F9<20,"BAJO PESO",IF(F9<25,"peso normal",IF(F9<27,"SOBREPESO",IF(F9>27,"SOBREPESO CRONICO")))) -> BAJO PESO | H9: 85 | I9: =H9/D9^2 -> 20.226056 | J9: =IF(I9<20,"BAJO PESO",IF(I9<25,"peso normal",IF(I9<27,"SOBREPESO",IF(I9>27,"SOBREPESO CRONICO")))) -> peso normal | K9: 87 | L9: =K9/D9^2 -> 20.701963 | M9: =IF(L9<20,"BAJO PESO",IF(L9<25,"peso normal",IF(L9<27,"SOBREPESO",IF(L9>27,"SOBREPESO CRONICO")))) -> peso normal | N9: =IF(M9="peso normal","NO",IF(M9="SOBREPESO","SI",IF(M9="SOBREPESO CRONICO","SI",IF(M9="BAJO PESO","SI")))) -> NO | O9: =MOD(A9,23) -> 16
A10: 77777777 | B10: =VLOOKUP(O10,'Letra NIF'!$A$1:$B$23,2,0) -> B | C10: M | D10: 1.63 | E10: 57 | F10: =E10/D10^2 -> 21.453574 | G10: =IF(F10<20,"BAJO PESO",IF(F10<25,"peso normal",IF(F10<27,"SOBREPESO",IF(F10>27,"SOBREPESO CRONICO")))) -> peso normal | H10: 58 | I10: =H10/D10^2 -> 21.829952 | J10: =IF(I10<20,"BAJO PESO",IF(I10<25,"peso normal",IF(I10<27,"SOBREPESO",IF(I10>27,"SOBREPESO CRONICO")))) -> peso normal | K10: 58 | L10: =K10/D10^2 -> 21.829952 | M10: =IF(L10<20,"BAJO PESO",IF(L10<25,"peso normal",IF(L10<27,"SOBREPESO",IF(L10>27,"SOBREPESO CRONICO")))) -> peso normal | N10: =IF(M10="peso normal","NO",IF(M10="SOBREPESO","SI",IF(M10="SOBREPESO CRONICO","SI",IF(M10="BAJO PESO","SI")))) -> NO | O10: =MOD(A10,23) -> 11
A11: 88888888 | B11: =VLOOKUP(O11,'Letra NIF'!$A$1:$B$23,2,0) -> Y | C11: H | D11: 1.55 | E11: 46 | F11: =E11/D11^2 -> 19.146722 | G11: =IF(F11<20,"BAJO PESO",IF(F11<25,"peso normal",IF(F11<27,"SOBREPESO",IF(F11>27,"SOBREPESO CRONICO")))) -> BAJO PESO | H11: 49 | I11: =H11/D11^2 -> 20.395421 | J11: =IF(I11<20,"BAJO PESO",IF(I11<25,"peso normal",IF(I11<27,"SOBREPESO",IF(I11>27,"SOBREPESO CRONICO")))) -> peso normal | K11: 50 | L11: =K11/D11^2 -> 20.811655 | M11: =IF(L11<20,"BAJO PESO",IF(L11<25,"peso normal",IF(L11<27,"SOBREPESO",IF(L11>27,"SOBREPESO CRONICO")))) -> peso normal | N11: =IF(M11="peso normal","NO",IF(M11="SOBREPESO","SI",IF(M11="SOBREPESO CRONICO","SI",IF(M11="BAJO PESO","SI")))) -> NO | O11: =MOD(A11,23) -> 6
A12: 99999999 | B12: =VLOOKUP(O12,'Letra NIF'!$A$1:$B$23,2,0) -> R | C12: H | D12: 1.75 | E12: 80 | F12: =E12/D12^2 -> 26.122449 | G12: =IF(F12<20,"BAJO PESO",IF(F12<25,"peso normal",IF(F12<27,"SOBREPESO",IF(F12>27,"SOBREPESO CRONICO")))) -> SOBREPESO | H12: 79 | I12: =H12/D12^2 -> 25.795918 | J12: =IF(I12<20,"BAJO PESO",IF(I12<25,"peso normal",IF(I12<27,"SOBREPESO",IF(I12>27,"SOBREPESO CRONICO")))) -> SOBREPESO | K12: 77 | L12: =K12/D12^2 -> 25.142857 | M12: =IF(L12<20,"BAJO PESO",IF(L12<25,"peso normal",IF(L12<27,"SOBREPESO",IF(L12>27,"SOBREPESO CRONICO")))) -> SOBREPESO | N12: =IF(M12="peso normal","NO",IF(M12="SOBREPESO","SI",IF(M12="SOBREPESO CRONICO","SI",IF(M12="BAJO PESO","SI")))) -> SI | O12: =MOD(A12,23) -> 1
