Workbook

Sheet Compras 
B2: COMPRAS ANUALES | C2: TRIMESTRES | D2: B.IMPONIBLE | E2: IVA | F2: TOTAL
C3: Primero | D3: 12500 | E3: =D3*H$4 -> 2625 | F3: =SUM(D3:E3) -> 15125 | H3: IVA
C4: Segundo | D4: 14100 | E4: =D4*H$4 -> 2961 | F4: =SUM(D4:E4) -> 17061 | H4: 0.21
C5: Tercero | D5: 12169 | E5: =D5*H$4 -> 2555.49 | F5: =SUM(D5:E5) -> 14724.49
C6: Cuarto | D6: 13584 | E6: =D6*H$4 -> 2852.64 | F6: =SUM(D6:E6) -> 16436.64

Sheet Ventas
B2: VENTAS ANUALES | C2: TRIMESTRES | D2: B.IMPONIBLE | E2: IVA | F2: TOTAL
C3: Primero | D3: 10800 | E3: =D3*H$5 -> 2268 | F3: =SUM(D3:E3) -> 13068
C4: Segundo | D4: 9520 | E4: =D4*H$5 -> 1999.2 | F4: =SUM(D4:E4) -> 11519.2 | H4: IVA
C5: Tercero | D5: 11681 | E5: =D5*H$5 -> 2453.01 | F5: =SUM(D5:E5) -> 14134.01 | H5: 0.21
C6: Cuarto | D6: 10760 | E6: =D6*H$5 -> 2259.6 | F6: =SUM(D6:E6) -> 13019.6

Sheet Resultados
B3: RESULTADO ANUALES | C3: TRIMESTRES | D3: TOTAL COMPRAS | E3: TOTAL VENTAS | F3: EXISTENCIAS
C4: Primero | D4: ='Compras '!F3 -> 15125 | E4: =Ventas!F3 -> 13068 | F4: =D4-E4 -> 2057
C5: Segundo | D5: ='Compras '!F4 -> 17061 | E5: =Ventas!F4 -> 11519.2 | F5: =D5-E5 -> 5541.8
C6: Tercero | D6: ='Compras '!F5 -> 14724.49 | E6: =Ventas!F5 -> 14134.01 | F6: =D6-E6 -> 590.48
C7: Cuarto | D7: ='Compras '!F6 -> 16436.64 | E7: =Ventas!F6 -> 13019.6 | F7: =D7-E7 -> 3417.04

Sheet Ejercicio 2 
C6: ENERO | D6: FEBRERO | E6: MARZO | F6: ABRIL | G6: MAYO | H6: JUNIO | I6: JULIO | J6: AGOSTO | K6: SEPTIEMBRE | L6: OCTUBRE | M6: NOVIEMBRE | N6: DICIEMBRE | O6: TOTAL
B7: A | C7: =($O$15+$P$15)*$N$15 -> 24000 | D7: =($O$15+$P$15)*$N$15 -> 24000 | E7: =($O$15+$P$15)*$N$15 -> 24000 | F7: =($O$15+$P$15)*$N$15 -> 24000 | G7: =($O$15+$P$15)*$N$15 -> 24000 | H7: =(($O$15+$P$15)*$N$15)*2 -> 48000 | I7: =($O$15+$P$15)*$N$15 -> 24000 | J7: =($O$15+$P$15)*$N$15 -> 24000 | K7: =($O$15+$P$15)*$N$15 -> 24000 | L7: =($O$15+$P$15)*$N$15 -> 24000 | M7: =($O$15+$P$15)*$N$15 -> 24000 | N7: =(($O$15+$P$15)*$N$15)*2 -> 48000 | O7: =SUM(C7:N7) -> 336000
B8: B | C8: =($O$16+$P$16)*$N$16 -> 10500 | D8: =($O$16+$P$16)*$N$16 -> 10500 | E8: =($O$16+$P$16)*$N$16 -> 10500 | F8: =($O$16+$P$16)*$N$16 -> 10500 | G8: =($O$16+$P$16)*$N$16 -> 10500 | H8: =(($O$16+$P$16)*$N$16)*2 -> 21000 | I8: =($O$16+$P$16)*$N$16 -> 10500 | J8: =($O$16+$P$16)*$N$16 -> 10500 | K8: =($O$16+$P$16)*$N$16 -> 10500 | L8: =($O$16+$P$16)*$N$16 -> 10500 | M8: =($O$16+$P$16)*$N$16 -> 10500 | N8: =(($O$16+$P$16)*$N$16)*2 -> 21000 | O8: =SUM(C8:N8) -> 147000
B9: C | C9: =($O$17+$P$17)*$N$17 -> 9200 | D9: =($O$17+$P$17)*$N$17 -> 9200 | E9: =($O$17+$P$17)*$N$17 -> 9200 | F9: =($O$17+$P$17)*$N$17 -> 9200 | G9: =($O$17+$P$17)*$N$17 -> 9200 | H9: =(($O$17+$P$17)*$N$17)*2 -> 18400 | I9: =($O$17+$P$17)*$N$17 -> 9200 | J9: =($O$17+$P$17)*$N$17 -> 9200 | K9: =($O$17+$P$17)*$N$17 -> 9200 | L9: =($O$17+$P$17)*$N$17 -> 9200 | M9: =($O$17+$P$17)*$N$17 -> 9200 | N9: =(($O$17+$P$17)*$N$17)*2 -> 18400 | O9: =SUM(C9:N9) -> 128800
B10: D | C10: =($O$18+$P$18)*$N$18 -> 4500 | D10: =($O$18+$P$18)*$N$18 -> 4500 | E10: =($O$18+$P$18)*$N$18 -> 4500 | F10: =($O$18+$P$18)*$N$18 -> 4500 | G10: =($O$18+$P$18)*$N$18 -> 4500 | H10: =(($O$18+$P$18)*$N$18)*2 -> 9000 | I10: =($O$18+$P$18)*$N$18 -> 4500 | J10: =($O$18+$P$18)*$N$18 -> 4500 | K10: =($O$18+$P$18)*$N$18 -> 4500 | L10: =($O$18+$P$18)*$N$18 -> 4500 | M10: =($O$18+$P$18)*$N$18 -> 4500 | N10: =(($O$18+$P$18)*$N$18)*2 -> 9000 | O10: =SUM(C10:N10) -> 63000
B11: TOTAL ENTRE TODAS LAS CATEGORIAS | O11: =O7+O8+O9+O10 -> 674800
M14: CATEGORIA | N14: EMPLEADOS | O14: BASE | P14: COMPLEMENTOS
M15: A | N15: 12 | O15: 1500 | P15: 500
M16: B | N16: 7 | O16: 1200 | P16: 300
M17: C | N17: 8 | O17: 1000 | P17: 150
M18: D | N18: 5 | O18: 800 | P18: 100

Sheet Ejercicio 3
C20: MATEMATICAS | D20: LENGUA | E20: HISTORIA | F20: FILOSOFIA | G20: INGLES | H20: TECNOLOGIA | J20: MATRICULAS
J21: 20
B23: Aprobados | C23: 6 | D23: 8 | E23: 3 | F23: 12 | G23: 9 | H23: 2
B24: Suspendidos | C24: =$J$21-C23 -> 14 | D24: =$J$21-D23 -> 12 | E24: =$J$21-E23 -> 17 | F24: =$J$21-F23 -> 8 | G24: =$J$21-G23 -> 11 | H24: =$J$21-H23 -> 18
B25: % Aprobados | C25: =C23/$J$21 -> 0.3 | D25: =D23/$J$21 -> 0.4 | E25: =E23/$J$21 -> 0.15 | F25: =F23/$J$21 -> 0.6 | G25: =G23/$J$21 -> 0.45 | H25: =H23/$J$21 -> 0.1
B26: % Suspendidos | C26: =C24/$J$21 -> 0.7 | D26: =D24/$J$21 -> 0.6 | E26: =E24/$J$21 -> 0.85 | F26: =F24/$J$21 -> 0.4 | G26: =G24/$J$21 -> 0.55 | H26: =H24/$J$21 -> 0.9

Sheet Ejercicio 4
C20: MATEMATICAS | D20: LENGUA | E20: HISTORIA | F20: FILOSOFIA | G20: INGLES | H20: TECNOLOGIA | J20: MATRICULAS
J21: 15
B23: Aprobados | C23: 6 | D23: 8 | E23: 3 | F23: 12 | G23: 9 | H23: 2
B24: Suspendidos | C24: =$J$21-C23 -> 9 | D24: =$J$21-D23 -> 7 | E24: =$J$21-E23 -> 12 | F24: =$J$21-F23 -> 3 | G24: =$J$21-G23 -> 6 | H24: =$J$21-H23 -> 13
B25: % Aprobados | C25: =C23/$J$21 -> 0.4 | D25: =D23/$J$21 -> 0.53333333 | E25: =E23/$J$21 -> 0.2 | F25: =F23/$J$21 -> 0.8 | G25: =G23/$J$21 -> 0.6 | H25: =H23/$J$21 -> 0.13333333
B26: % Suspendidos | C26: =C24/$J$21 -> 0.6 | D26: =D24/$J$21 -> 0.46666667 | E26: =E24/$J$21 -> 0.8 | F26: =F24/$J$21 -> 0.2 | G26: =G24/$J$21 -> 0.4 | H26: =H24/$J$21 -> 0.86666667

Sheet Ejercicio 5
B3: 2 | C3: =ROMAN(B3) -> II
B4: 4 | C4: =ROMAN(B4) -> IV
B5: 6 | C5: =ROMAN(B5) -> VI
B6: 8 | C6: =ROMAN(B6) -> VIII
B7: 10 | C7: =ROMAN(B7) -> X
B8: 12 | C8: =ROMAN(B8) -> XII
B9: 14 | C9: =ROMAN(B9) -> XIV
B10: 16 | C10: =ROMAN(B10) -> XVI
B11: 18 | C11: =ROMAN(B11) -> XVIII
B12: 20 | C12: =ROMAN(B12) -> XX
B13: 22 | C13: =ROMAN(B13) -> XXII
B14: 24 | C14: =ROMAN(B14) -> XXIV
... B32: 60 | C32: =ROMAN(B32) -> LX
