Workbook

Sheet Presentación
B2: PRECIPITACIONES 2021 en ESPAÑA

Sheet Precipitaciones 2021
A1: PRECIPITACIONES ESPAÑA 2021
A3: Estudiadas | B3: =COUNTA(B5:G5) -> 6 | C3: ciudades, se obtienen los siguientes datos:
B5: Madrid | C5: Barcelona | D5: Valencia | E5: Sevilla | F5: Bilbao | G5: Teruel | I5: TOTAL | J5: MEDIA | K5: MÁXIMA | L5: MÍNIMA | N5: INFORME
A6: Enero | B6: 12 | C6: 16 | D6: 14 | E6: 9 | F6: 20 | G6: 5 | I6: =SUM(B6:G6) -> 76 | J6: =AVERAGE(B6:G6) -> 12.666667 | K6: =MAX(B6:G6) -> 20 | L6: =MIN(B6:G6) -> 5 | N6: =IF(I6<50,"Mes seco",IF(I6<90,"Mes humedo",IF(I6>=90,"Mes muy humedo"))) -> Mes humedo
A7: Febrero | B7: 10 | C7: 18 | D7: 12 | E7: 8 | F7: 22 | G7: 8 | I7: =SUM(B7:G7) -> 78 | J7: =AVERAGE(B7:G7) -> 13 | K7: =MAX(B7:G7) -> 22 | L7: =MIN(B7:G7) -> 8 | N7: =IF(I7<50,"Mes seco",IF(I7<90,"Mes humedo",IF(I7>=90,"Mes muy humedo"))) -> Mes humedo
A8: Marzo | B8: 11 | C8: 15 | D8: 8 | E8: 5 | F8: 15 | G8: 9 | I8: =SUM(B8:G8) -> 63 | J8: =AVERAGE(B8:G8) -> 10.5 | K8: =MAX(B8:G8) -> 15 | L8: =MIN(B8:G8) -> 5 | N8: =IF(I8<50,"Mes seco",IF(I8<90,"Mes humedo",IF(I8>=90,"Mes muy humedo"))) -> Mes humedo
A9: Abril | B9: 15 | C9: 15 | D9: 10 | E9: 10 | F9: 15 | G9: 7 | I9: =SUM(B9:G9) -> 72 | J9: =AVERAGE(B9:G9) -> 12 | K9: =MAX(B9:G9) -> 15 | L9: =MIN(B9:G9) -> 7 | N9: =IF(I9<50,"Mes seco",IF(I9<90,"Mes humedo",IF(I9>=90,"Mes muy humedo"))) -> Mes humedo
A10: Mayo | B10: 10 | C10: 10 | D10: 9 | E10: 10 | F10: 15 | G10: 10 | I10: =SUM(B10:G10) -> 64 | J10: =AVERAGE(B10:G10) -> 10.666667 | K10: =MAX(B10:G10) -> 15 | L10: =MIN(B10:G10) -> 9 | N10: =IF(I10<50,"Mes seco",IF(I10<90,"Mes humedo",IF(I10>=90,"Mes muy humedo"))) -> Mes humedo
A11: Junio | B11: 8 | C11: 7 | D11: 10 | E11: 8 | F11: 9 | G11: 4 | I11: =SUM(B11:G11) -> 46 | J11: =AVERAGE(B11:G11) -> 7.6666667 | K11: =MAX(B11:G11) -> 10 | L11: =MIN(B11:G11) -> 4 | N11: =IF(I11<50,"Mes seco",IF(I11<90,"Mes humedo",IF(I11>=90,"Mes muy humedo"))) -> Mes seco
A12: Julio | B12: 5 | C12: 3 | D12: 1 | E12: 5 | F12: 6 | G12: 6 | I12: =SUM(B12:G12) -> 26 | J12: =AVERAGE(B12:G12) -> 4.3333333 | K12: =MAX(B12:G12) -> 6 | L12: =MIN(B12:G12) -> 1 | N12: =IF(I12<50,"Mes seco",IF(I12<90,"Mes humedo",IF(I12>=90,"Mes muy humedo"))) -> Mes seco
A13: Agosto | B13: 8 | C13: 8 | D13: 3 | E13: 3 | F13: 7 | G13: 8 | I13: =SUM(B13:G13) -> 37 | J13: =AVERAGE(B13:G13) -> 6.1666667 | K13: =MAX(B13:G13) -> 8 | L13: =MIN(B13:G13) -> 3 | N13: =IF(I13<50,"Mes seco",IF(I13<90,"Mes humedo",IF(I13>=90,"Mes muy humedo"))) -> Mes seco
A14: Septiembre | B14: 11 | C14: 10 | D14: 10 | E14: 5 | F14: 20 | G14: 2 | I14: =SUM(B14:G14) -> 58 | J14: =AVERAGE(B14:G14) -> 9.6666667 | K14: =MAX(B14:G14) -> 20 | L14: =MIN(B14:G14) -> 2 | N14: =IF(I14<50,"Mes seco",IF(I14<90,"Mes humedo",IF(I14>=90,"Mes muy humedo"))) -> Mes humedo
A15: Octubre | B15: 15 | C15: 14 | D15: 20 | E15: 8 | F15: 28 | G15: 9 | I15: =SUM(B15:G15) -> 94 | J15: =AVERAGE(B15:G15) -> 15.666667 | K15: =MAX(B15:G15) -> 28 | L15: =MIN(B15:G15) -> 8 | N15: =IF(I15<50,"Mes seco",IF(I15<90,"Mes humedo",IF(I15>=90,"Mes muy humedo"))) -> Mes muy humedo
A16: Noviembre | B16: 20 | C16: 18 | D16: 15 | E16: 11 | F16: 19 | G16: 5 | I16: =SUM(B16:G16) -> 88 | J16: =AVERAGE(B16:G16) -> 14.666667 | K16: =MAX(B16:G16) -> 20 | L16: =MIN(B16:G16) -> 5 | N16: =IF(I16<50,"Mes seco",IF(I16<90,"Mes humedo",IF(I16>=90,"Mes muy humedo"))) -> Mes humedo
A17: Diciembre | B17: 18 | C17: 15 | D17: 10 | E17: 13 | F17: 19 | G17: 8 | I17: =SUM(B17:G17) -> 83 | J17: =AVERAGE(B17:G17) -> 13.833333 | K17: =MAX(B17:G17) -> 19 | L17: =MIN(B17:G17) -> 8 | N17: =IF(I17<50,"Mes seco",IF(I17<90,"Mes humedo",IF(I17>=90,"Mes muy humedo"))) -> Mes humedo
A19: TOTAL | B19: =SUM(B6:B17) -> 143 | C19: =SUM(C6:C17) -> 149 | D19: =SUM(D6:D17) -> 122 | E19: =SUM(E6:E17) -> 95 | F19: =SUM(F6:F17) -> 195 | G19: =SUM(G6:G17) -> 81 | K19: Número de meses secos | N19: =COUNTIF(N6:N17,"Mes seco") -> 3
A20: MEDIA | B20: =AVERAGE(B6:B17) -> 11.916667 | C20: =AVERAGE(C6:C17) -> 12.416667 | D20: =AVERAGE(D6:D17) -> 10.166667 | E20: =AVERAGE(E6:E17) -> 7.9166667 | F20: =AVERAGE(F6:F17) -> 16.25 | G20: =AVERAGE(G6:G17) -> 6.75 | K20: Número de meses húmedos | N20: =COUNTIF(N6:N17,"Mes humedo") -> 8
A21: MÁXIMA | B21: =MAX(B6:B17) -> 20 | C21: =MAX(C6:C17) -> 18 | D21: =MAX(D6:D17) -> 20 | E21: =MAX(E6:E17) -> 13 | F21: =MAX(F6:F17) -> 28 | G21: =MAX(G6:G17) -> 10 | K21: Número de meses muy húmedos | N21: =COUNTIF(N6:N17,"Mes muy humedo") -> 1
A22: MÍNIMA | B22: =MIN(B6:B17) -> 5 | C22: =MIN(C6:C17) -> 3 | D22: =MIN(D6:D17) -> 1 | E22: =MIN(E6:E17) -> 3 | F22: =MIN(F6:F17) -> 6 | G22: =MIN(G6:G17) -> 2

Sheet Búsqueda
A1: PRECIPITACIONES ESPAÑA 2020
A3: Busca tu ciudad | C3: teruel
A5: Enero | B5: =HLOOKUP($C$3,'Precipitaciones 2021'!$A$5:$G$17,2,0) -> 5
A6: Febrero | B6: =HLOOKUP($C$3,'Precipitaciones 2021'!$A$5:$G$17,3,0) -> 8 | D6: Total de precipitaciones | F6: =HLOOKUP(C3,'Precipitaciones 2021'!A5:G22,15,0) -> 81
A7: Marzo | B7: =HLOOKUP($C$3,'Precipitaciones 2021'!$A$5:$G$17,4,0) -> 9 | D7: Media de precipitaciones | F7: =HLOOKUP(C3,'Precipitaciones 2021'!A5:G20,16,0) -> 6.75
A8: Abril | B8: =HLOOKUP($C$3,'Precipitaciones 2021'!$A$5:$G$17,5,0) -> 7 | D8: Precipitaciones máximas | F8: =HLOOKUP(C3,'Precipitaciones 2021'!A5:G21,17,0) -> 10
A9: Mayo | B9: =HLOOKUP($C$3,'Precipitaciones 2021'!$A$5:$G$17,6,0) -> 10 | D9: Precipitaciones mínimas | F9: =HLOOKUP(C3,'Precipitaciones 2021'!A5:G22,18,0) -> 2
A10: Junio | B10: =HLOOKUP($C$3,'Precipitaciones 2021'!$A$5:$G$17,7,0) -> 4
A11: Julio | B11: =HLOOKUP($C$3,'Precipitaciones 2021'!$A$5:$G$17,8,0) -> 6 | D11: Con un total de | E11: =HLOOKUP(C3,'Precipitaciones 2021'!A5:G19,15,0) -> 81 | F11: precipitaciones,
A12: Agosto | B12: =HLOOKUP($C$3,'Precipitaciones 2021'!$A$5:$G$17,9,0) -> 8 | D12: el año para | E12: =(VLOOKUP(C3,C3:C3,1)) -> teruel | F12: ha sido
A13: Septiembre | B13: =HLOOKUP($C$3,'Precipitaciones 2021'!$A$5:$G$17,10,0) -> 2 | D13: =IF(F6<50,"Mes seco",IF(F6<90,"Mes humedo",IF(F6>=90,"Mes muy humedo"))) -> Mes humedo
A14: Octubre | B14: =HLOOKUP($C$3,'Precipitaciones 2021'!$A$5:$G$17,11,0) -> 9
A15: Noviembre | B15: =HLOOKUP($C$3,'Precipitaciones 2021'!$A$5:$G$17,12,0) -> 5
A16: Diciembre | B16: =HLOOKUP($C$3,'Precipitaciones 2021'!$A$5:$G$17,13,0) -> 8
